{
  "funcionarios": [
    {
      "id": "1",
      "nome": "Marcio",
      "email": "marcio@gmail.com",
      "senha": "23223344",
      "tipo": "Gerente"
    },
    {
      "id": "2",
      "nome": "Marcelo",
      "email": "marcelo@gmail.com",
      "senha": "25223344",
      "tipo": "Administrador"
    },
    {
      "id": "3",
      "nome": "Marcos",
      "email": "marcos@gmail.com",
      "senha": "28223344",
      "tipo": "Funcionário"
    },
    {
      "id": "ce56",
      "nome": "Maria",
      "email": "maria@gmail.com",
      "senha": "12536489",
      "tipo": "Administrador"
    }
  ]
}